,Bad_ID
0,103304
1,102304
2,282316
3,162306
4,06A185
5,552805
6,432310
7,25A188
8,102302
9,50A174
10,262315
11,243525
12,242305
13,50A181
14,441320
15,261318
16,111337
17,000nan
18,521354
19,313302
20,000nan
21,000nan
22,511322
23,251337
24,263303
25,511321
26,341326
27,491308
28,341327
29,341328
30,341329
31,251333
32,221990
33,011306
34,261993
35,313300
36,213300
37,000nan
38,000nan
39,000nan
40,000nan
41,000nan
42,000nan
43,000nan
44,000nan
45,000nan
46,000nan
47,000nan
48,000nan
49,000nan
50,000nan
51,000nan
52,000nan
53,000nan
54,000nan
55,000nan
56,000nan
57,000nan
58,000nan
59,000nan
60,000nan
61,000nan
62,000nan
63,000nan
64,000nan
65,000nan
66,000nan
67,000nan
68,000nan
69,000nan
70,000nan
71,000nan
72,000nan
73,000nan
74,000nan
75,000nan
76,000nan
77,000nan
78,000nan
79,000nan
80,000nan
81,000nan
82,000nan
83,000nan
84,000nan
85,000nan
86,000nan
87,000nan
88,000nan
89,000nan
90,000nan
91,000nan
92,000nan
93,000nan
94,000nan
95,000nan
96,000nan
97,000nan
98,000nan
99,000nan
100,000nan
101,000nan
102,000nan
103,000nan
104,000nan
105,000nan
106,000nan
107,000nan
108,000nan
109,000nan
110,000nan
111,000nan
112,000nan
113,000nan
114,000nan
115,000nan
116,000nan
117,000nan
118,000nan
119,000nan
120,000nan
121,000nan
122,522327
123,452380
124,16E016
125,000nan
126,000nan
127,000nan
128,000nan
129,000nan
130,000nan
131,000nan
132,000nan
133,000nan
134,000nan
135,000nan
136,000nan
137,000nan
138,000nan
139,000nan
140,000nan
141,000nan
142,000nan
143,45069F
144,49008F
145,11083F
146,11033F
147,14003F
148,000nan
149,50014F
150,50005F
151,45063F
152,000nan
153,000nan
154,000nan
155,000nan
156,34014F
157,000nan
158,000nan
159,000nan
160,000nan
161,000nan
162,000nan
163,000nan
164,000nan
165,000nan
166,000nan
167,000nan
168,000nan
169,000nan
170,000nan
171,000nan
172,000nan
173,000nan
174,000nan
175,000nan
176,000nan
177,000nan
178,000nan
179,000nan
180,000nan
181,000nan
182,000nan
183,000nan
184,000nan
185,000nan
186,000nan
187,000nan
188,000nan
189,000nan
190,000nan
191,000nan
192,000nan
193,000nan
194,11030F
195,000nan
196,000nan
197,000nan
198,353502
199,142700
200,241991
201,362813
202,112861
203,032639
204,012658
205,852502
206,071543
207,312631
208,452673
209,442748
210,552772
211,392862
212,672873
213,A01661
214,A11527
215,291576
216,A01759
217,042598
218,A11574
219,332783
220,122530
221,392874
222,322542
223,A11648
224,152520
225,052744
226,412503
227,232627
228,17E473
229,672541
230,512507
231,252567
232,192605
233,382543
234,06A173
235,452378
236,26A490
237,333565
238,112794
239,392742
240,462536
241,362717
242,142716
243,522543
244,462545
245,502568
246,122526
247,552714
248,092526
249,112899
250,392602
251,192720
252,502573
253,672756
254,392857
255,262681
256,672879
257,392827
258,A01611
259,A01720
260,042557
261,552756
262,342697
263,142761
264,A01570
265,362850
266,552819
267,A01574
268,742515
269,132533
270,A01612
271,A11706
272,A11661
273,492635
274,031718
275,332336
276,333522
277,333543
278,102603
279,232670
280,432303
281,372572
282,372573
283,177975
284,000000
285,451133
286,451205
287,222034
288,33051E
289,000000
290,000000
291,222315
292,332375
293,51E150
294,51A009
295,032315
296,052832
297,052406
298,16E050
299,162324
300,17E625
301,25A422
302,332332
303,362302
304,362822
305,362344
306,672645
307,45F411
308,482302
309,522538
310,052404
311,39004F
312,182524
313,17008F
314,45060F
315,491991
316,412504
317,452511
318,742530
319,38003F
320,362668
321,112796
322,11031F
323,212640
324,262541
325,42029F
326,342553
327,092501
328,112676
329,24002F
330,452693
331,442695
332,242310
333,42011F
334,362326
335,102581
336,372582
337,04009F
338,102578
339,14004F
340,112524
341,51003F
342,222503
343,052541
344,112886
345,332514
346,16E668
347,102807
348,34036F
349,13003F
350,112518
351,23037F
352,672898
353,51005F
354,212536
355,39013F
356,452595
357,012699
358,47001F
359,092528
360,05027F
361,38004F
362,522510
363,23011F
364,10013F
365,552543
366,032500
367,432305
368,37012F
369,452618
370,672670
371,231684
372,381574
373,332751
374,382571
375,212694
376,382507
377,332726
378,252532
379,502534
380,23009F
381,102690
382,53005F
383,29004F
384,852523
385,142639
386,132520
387,102882
388,142661
389,262564
390,102687
391,53004F
392,422521
393,682574
394,492523
395,30001F
396,312641
397,422604
398,112889
399,33016F
400,332797
401,392720
402,442660
403,052321
404,392505
405,262539
406,232621
407,252576
408,452539
409,442704
410,212711
411,392828
412,032577
413,24T063
414,192503
415,032557
416,452639
417,312575
418,452714
419,28006F
420,26010F
421,452519
422,212620
423,102761
424,43002F
425,10063F
426,552797
427,142819
428,052523
429,502513
430,342505
431,062540
432,262656
433,102518
434,34012F
435,05025F
436,022502
437,452750
438,332707
439,682542
440,062570
441,452778
442,39001F
443,512509
444,192308
445,392805
446,212679
447,102604
448,05A292
449,432302
450,342703
451,122525
452,672791
453,682563
454,142598
455,082522
456,162543
457,242602
458,452947
459,742527
460,142829
461,442758
462,A01665
463,552899
464,A01748
465,312694
466,102766
467,052676
468,522572
469,142674
470,512524
471,062527
472,112645
473,09005E
474,49A022
475,032610
476,172531
477,49A007
478,192693
479,232647
480,362720
481,332661
482,522343
483,112824
484,142707
485,342665
486,232664
487,102596
488,282531
489,422634
490,672823
491,012678
492,012672
493,212670
494,142791
495,A11572
496,742522
497,442752
498,A11710
499,A01666
500,A01675
501,212730
502,492713
503,212746
504,A11605
505,102777
506,A11667
507,522320
508,311593
509,852574
510,A01769
511,332306
512,422602
513,492603
514,032514
515,102818
516,112696
517,382520
518,492627
519,45086F
520,212595
521,232540
522,23E362
523,555819
524,232591
525,17E470
526,432312
527,372581
528,522573
529,382561
530,292511
531,232672
532,162550
533,221601
534,172570
535,332809
536,222595
537,292556
538,031733
539,232741
540,172501
541,212513
542,392698
543,052871
544,232547
545,052811
546,552571
547,462532
548,14E392
549,432503
550,052668
551,A11537
552,432301
553,222320
554,262340
555,182551
556,682504
557,392592
558,422624
559,192698
560,362779
561,672687
562,242581
563,392764
564,182316
565,132526
566,672832
567,362830
568,462319
569,242595
570,A01543
571,452568
572,A01688
573,082525
574,06A192
575,262694
576,552865
577,532306
578,492718
579,492715
580,492716
581,552882
582,A01777
583,072555
584,381569
585,A11646
586,A11524
587,312704
588,221608
589,043501
590,362664
591,142507
592,17E597
593,15E681
594,102860
595,502539
596,102592
597,052694
598,232580
599,242541
600,392738
601,152618
602,262326
603,232692
604,522571
605,362782
606,332654
607,332746
608,272510
609,A11558
610,392617
611,332769
612,142703
613,502585
614,A11653
615,012698
616,742511
617,682635
618,742510
619,243528
620,243543
621,A01788
622,A11726
623,A11596
624,A01711
625,291581
626,152702
627,A11719
628,45F197
629,495430
630,062538
631,102647
632,502503
633,192613
634,102825
635,052587
636,092530
637,032517
638,192682
639,102869
640,492671
641,362800
642,362786
643,422662
644,332344
645,332352
646,332710
647,342698
648,182626
649,742526
650,332350
651,742544
652,742542
653,A01692
654,112795
655,A01780
656,A11700
657,A11689
658,102328
659,852570
660,A11555
661,A11523
662,152542
663,552567
664,452528
665,072554
666,382530
667,012553
668,322503
669,362512
670,08002F
671,192541
672,342595
673,232576
674,232740
675,28E175
676,43A135
677,243538
678,24E507
679,16E176
680,162517
681,492589
682,462510
683,102769
684,502548
685,242309
686,413500
687,05127E
688,682594
689,012667
690,501544
691,152649
692,052684
693,142755
694,032637
695,672782
696,242599
697,242594
698,25043F
699,672847
700,262680
701,142868
702,A01664
703,392876
704,012649
705,452805
706,A11649
707,333563
708,A01782
709,102794
710,232567
711,662501
712,102757
713,382538
714,382547
715,163510
716,01019F
717,392863
718,392877
719,232526
720,142655
721,342559
722,382508
723,672644
724,672683
725,672820
726,672838
727,672871
728,672877
729,742505
730,742507
731,742508
732,742509
733,742524
734,742539
735,51A013
736,502521
737,162313
738,122519
739,492648
740,032540
741,10009F
742,442687
743,232655
744,552600
745,102868
746,442675
747,442718
748,442723
749,442749
750,442755
751,442762
752,292545
753,052806
754,422629
755,682589
756,A11530
757,A01756
758,112664
759,142846
760,152538
761,452878
762,682552
763,552761
764,432306
765,102747
766,192732
767,392829
768,332639
769,672886
770,102587
771,A11675
772,042574
773,672881
774,392612
775,A11599
776,A11659
777,312699
778,A11693
779,032536
780,A11754
781,332758
782,462543
783,262530
784,052876
785,112321
786,192678
787,452629
788,512502
789,232606
790,392554
791,342660
792,422540
793,442713
794,512539
795,682547
796,422637
797,362842
798,522601
799,672799
800,A01691
801,192568
802,241605
803,152691
804,05031F
805,263511
806,053311
807,A11694
808,012704
809,752501
810,552890
811,345553
812,442766
813,031694
814,312691
815,241609
816,742561
817,152704
818,342612
819,342569
820,30E076
821,41002F
822,432300
823,222312
824,422591
825,462525
826,342536
827,102744
828,342636
829,362736
830,36006F
831,333544
832,452867
833,322520
834,152504
835,492581
836,422593
837,332743
838,182529
839,362612
840,102525
841,282315
842,052579
843,192573
844,032509
845,512503
846,232598
847,05A147
848,062545
849,362693
850,292532
851,333552
852,552667
853,422621
854,182615
855,452836
856,492660
857,45090F
858,372589
859,362791
860,392785
861,522527
862,552779
863,A01751
864,142780
865,322557
866,212703
867,372611
868,852551
869,A01768
870,A11750
871,552893
872,142624
873,342606
874,06A171
875,552577
876,102831
877,042310
878,142662
879,502544
880,26A381
881,45E852
882,212614
883,182559
884,322501
885,032607
886,192552
887,052550
888,332657
889,103503
890,312594
891,492694
892,382580
893,102899
894,A01621
895,522561
896,462539
897,522562
898,212691
899,192501
900,212712
901,422660
902,212736
903,682666
904,053526
905,312676
906,221609
907,A11517
908,A11739
909,102814
910,502602
911,A11590
912,672610
913,A11560
914,682675
915,25A162
916,552555
917,392716
918,672595
919,212616
920,232583
921,522502
922,552514
923,102779
924,102545
925,012620
926,052797
927,032573
928,502551
929,162540
930,112800
931,422639
932,442605
933,232589
934,243540
935,322548
936,132529
937,382573
938,102741
939,212693
940,342590
941,232699
942,852518
943,272511
944,192684
945,012684
946,142853
947,552877
948,231681
949,332682
950,332640
951,A11592
952,122502
953,A01791
954,A11566
955,362661
956,492657
957,442594
958,392666
959,192597
960,212523
961,372514
962,492506
963,102673
964,362603
965,402528
966,17E424
967,052789
968,192525
969,102668
970,332393
971,17E528
972,022507
973,102878
974,291563
975,182595
976,392807
977,552873
978,A01740
979,102843
980,682659
981,332773
982,192745
983,52A431
984,A11715
985,A11561
986,A11600
987,142699
988,A11553
989,122535
990,422547
991,062533
992,09002F
993,492529
994,382531
995,192530
996,322523
997,492527
998,052405
999,08A011
1000,502553
1001,17005F
1002,162556
1003,552717
1004,672829
1005,222570
1006,062541
1007,392844
1008,062521
1009,442759
1010,332390
1011,A01772
1012,342732
1013,372584
1014,411512
1015,282535
1016,25A233
1017,031697
1018,142844
1019,A01609
1020,A01738
1021,012695
1022,752500
1023,A01732
1024,A01739
1025,A11717
1026,A11747
1027,A01634
1028,332795
1029,522509
1030,342649
1031,262595
1032,452385
1033,452630
1034,322516
1035,102849
1036,112750
1037,132519
1038,312596
1039,292537
1040,682600
1041,312681
1042,672794
1043,242593
1044,312643
1045,672545
1046,212705
1047,682583
1048,332727
1049,082524
1050,672790
1051,042570
1052,232719
1053,392848
1054,A01671
1055,A01764
1056,742543
1057,742521
1058,682686
1059,102832
1060,252568
1061,A01694
1062,A01637
1063,192749
1064,672839
1065,362882
1066,362889
1067,342749
1068,392549
1069,292558
1070,A11546
1071,142540
1072,332667
1073,333515
1074,142664
1075,382500
1076,372511
1077,182549
1078,362624
1079,362528
1080,04A158
1081,032581
1082,492576
1083,232533
1084,232721
1085,042576
1086,14T135
1087,332394
1088,342661
1089,392773
1090,382529
1091,222534
1092,092527
1093,142754
1094,442715
1095,112884
1096,382566
1097,112864
1098,332694
1099,A01607
1100,392300
1101,65001F
1102,092529
1103,142799
1104,332782
1105,742518
1106,742504
1107,291574
1108,742548
1109,A01735
1110,342736
1111,A11657
1112,112554
1113,332808
1114,112722
1115,032601
1116,452740
1117,332581
1118,272300
1119,51E124
1120,362649
1121,452669
1122,062501
1123,39051E
1124,232648
1125,242324
1126,362744
1127,16E728
1128,232682
1129,342726
1130,49006F
1131,372592
1132,452863
1133,552720
1134,102629
1135,A01653
1136,402519
1137,332744
1138,A01662
1139,142866
1140,332767
1141,A01608
1142,17E210
1143,342716
1144,362890
1145,A11645
1146,522313
1147,142620
1148,142625
1149,322506
1150,032523
1151,502509
1152,17E451
1153,232585
1154,032547
1155,332531
1156,152606
1157,452517
1158,452808
1159,742533
1160,142638
1161,342596
1162,022504
1163,182560
1164,382554
1165,232651
1166,392770
1167,392544
1168,442679
1169,112801
1170,A11534
1171,012646
1172,212594
1173,682502
1174,682534
1175,372571
1176,112508
1177,282500
1178,552777
1179,25040F
1180,142773
1181,342709
1182,192752
1183,A11660
1184,362880
1185,012709
1186,142862
1187,672891
1188,492705
1189,112911
1190,172562
1191,062547
1192,112559
1193,06A172
1194,102864
1195,192686
1196,112704
1197,102841
1198,262573
1199,14E888
1200,112779
1201,052826
1202,232545
1203,342514
1204,452615
1205,49E076
1206,132501
1207,192555
1208,192618
1209,452507
1210,412514
1211,44016F
1212,122516
1213,192325
1214,462540
1215,132521
1216,392559
1217,252572
1218,142747
1219,01A208
1220,522524
1221,012650
1222,362845
1223,852500
1224,362787
1225,102571
1226,28E180
1227,A01658
1228,39012F
1229,A01774
1230,123301
1231,852537
1232,212715
1233,242697
1234,A11578
1235,392897
1236,012524
1237,A11559
1238,112744
1239,332511
1240,102762
1241,182566
1242,522324
1243,082530
1244,032593
1245,222571
1246,112799
1247,112819
1248,112847
1249,082301
1250,522605
1251,112621
1252,A01547
1253,19043F
1254,042534
1255,312630
1256,672837
1257,031692
1258,031723
1259,332772
1260,401575
1261,112732
1262,432516
1263,A11663
1264,672811
1265,392894
1266,031726
1267,A01736
1268,312705
1269,332388
1270,102776
1271,05A263
1272,112702
1273,102696
1274,212680
1275,102517
1276,422516
1277,192651
1278,052398
1279,152601
1280,362553
1281,362577
1282,362582
1283,362678
1284,322531
1285,192579
1286,012531
1287,192532
1288,502531
1289,102782
1290,25A414
1291,672655
1292,332404
1293,332648
1294,232737
1295,392765
1296,232698
1297,012657
1298,262654
1299,392843
1300,682601
1301,221605
1302,A01727
1303,332741
1304,742528
1305,332799
1306,A01642
1307,192751
1308,A01703
1309,162567
1310,442764
1311,492615
1312,112714
1313,042501
1314,433506
1315,332645
1316,362627
1317,192603
1318,512515
1319,192577
1320,452735
1321,332536
1322,552618
1323,112317
1324,242571
1325,21005F
1326,182604
1327,442692
1328,102593
1329,062315
1330,132523
1331,152672
1332,212685
1333,452655
1334,212649
1335,372539
1336,332792
1337,742546
1338,072553
1339,232728
1340,342727
1341,A01617
1342,A01773
1343,192755
1344,A11541
1345,212741
1346,A11643
1347,A11632
1348,102624
1349,052853
1350,442651
1351,112640
1352,032572
1353,332666
1354,192584
1355,192507
1356,452899
1357,34017F
1358,452828
1359,192601
1360,382512
1361,182552
1362,322508
1363,502510
1364,332688
1365,262637
1366,45068F
1367,502574
1368,A01589
1369,192738
1370,142752
1371,A11733
1372,852528
1373,382583
1374,392884
1375,082531
1376,392854
1377,102695
1378,A11591
1379,A11502
1380,052778
1381,17E531
1382,012703
1383,262537
1384,262688
1385,272514
1386,332684
1387,422664
1388,852512
1389,232543
1390,032535
1391,182640
1392,182642
1393,262543
1394,232521
1395,512534
1396,682520
1397,26023F
1398,522528
1399,552726
1400,332659
1401,192632
1402,682621
1403,152670
1404,260825
1405,332802
1406,672777
1407,682657
1408,362323
1409,442725
1410,382570
1411,672857
1412,262695
1413,672882
1414,422669
1415,A11540
1416,A11647
1417,291582
1418,A01750
1419,112532
1420,05A134
1421,182592
1422,422623
1423,102805
1424,522503
1425,06A175
1426,412508
1427,252537
1428,382510
1429,672892
1430,742538
1431,042543
1432,492552
1433,232502
1434,212678
1435,112588
1436,132522
1437,552538
1438,262673
1439,502580
1440,312642
1441,232720
1442,342717
1443,222594
1444,A01646
1445,A11676
1446,A11506
1447,A01799
1448,241610
1449,A11633
1450,112633
1451,452660
1452,282521
1453,282520
1454,172307
1455,392893
1456,252538
1457,062523
1458,332676
1459,502545
1460,422626
1461,332589
1462,442699
1463,392542
1464,502558
1465,292533
1466,102756
1467,142714
1468,392354
1469,332696
1470,212671
1471,672707
1472,522588
1473,332753
1474,672825
1475,392842
1476,192728
1477,422655
1478,312668
1479,442732
1480,392881
1481,212737
1482,112821
1483,172566
1484,A11696
1485,031711
1486,A11686
1487,322561
1488,452303
1489,052841
1490,212542
1491,102634
1492,52A429
1493,142526
1494,442504
1495,382551
1496,192522
1497,252507
1498,322504
1499,232577
1500,462534
1501,132510
1502,852558
1503,102872
1504,A11554
1505,362761
1506,112823
1507,052759
1508,452682
1509,672662
1510,192729
1511,682543
1512,222318
1513,072550
1514,552812
1515,672755
1516,221599
1517,552749
1518,442746
1519,291569
1520,452744
1521,442756
1522,382574
1523,A11576
1524,A01789
1525,A11616
1526,672703
1527,452774
1528,342655
1529,232550
1530,372560
1531,052867
1532,422527
1533,242547
1534,102702
1535,112630
1536,232508
1537,552550
1538,132503
1539,462503
1540,462511
1541,212650
1542,322518
1543,21007F
1544,242570
1545,032614
1546,342617
1547,552653
1548,33020F
1549,312619
1550,682522
1551,A11610
1552,362738
1553,142760
1554,A01644
1555,371718
1556,672781
1557,672786
1558,672793
1559,112892
1560,A01569
1561,442722
1562,552741
1563,552884
1564,A01705
1565,143302
1566,852516
1567,852524
1568,312583
1569,152706
1570,A11705
1571,682687
1572,372505
1573,332549
1574,232633
1575,332560
1576,392688
1577,112768
1578,25A404
1579,232587
1580,373302
1581,333500
1582,152598
1583,462528
1584,192658
1585,192518
1586,292540
1587,552578
1588,392825
1589,672709
1590,322546
1591,232716
1592,05130F
1593,142801
1594,A01685
1595,672775
1596,362865
1597,362860
1598,A01753
1599,A11509
1600,A11611
1601,44E132
1602,332528
1603,452664
1604,502500
1605,102574
1606,23E104
1607,682617
1608,242510
1609,312509
1610,652503
1611,102861
1612,342621
1613,682521
1614,362780
1615,522587
1616,A01625
1617,212702
1618,262667
1619,212740
1620,031689
1621,282319
1622,852552
1623,442751
1624,672834
1625,32E027
1626,A11557
1627,A11552
1628,A11608
1629,432504
1630,102623
1631,06A088
1632,052877
1633,142675
1634,43A073
1635,142600
1636,192586
1637,422606
1638,252547
1639,102745
1640,242545
1641,242698
1642,242700
1643,352502
1644,282527
1645,282528
1646,012632
1647,422517
1648,452802
1649,333560
1650,333564
1651,142756
1652,292553
1653,012680
1654,672883
1655,032644
1656,182629
1657,112669
1658,012677
1659,10065F
1660,042578
1661,042513
1662,392546
1663,142769
1664,232694
1665,552856
1666,031715
1667,422673
1668,522582
1669,262685
1670,522530
1671,A11699
1672,A11640
1673,A01746
1674,052709
1675,492594
1676,102510
1677,012598
1678,552565
1679,282504
1680,26A378
1681,362696
1682,012662
1683,08A015
1684,492579
1685,042533
1686,442615
1687,452738
1688,242542
1689,44018F
1690,362700
1691,672638
1692,142694
1693,232644
1694,192628
1695,172503
1696,032575
1697,522506
1698,142708
1699,852513
1700,362844
1701,312666
1702,A01638
1703,072549
1704,112585
1705,142641
1706,332711
1707,11032F
1708,241608
1709,A01689
1710,A01718
1711,A01699
1712,A11753
1713,362878
1714,682630
1715,312677
1716,672867
1717,312670
1718,A01783
1719,031696
1720,241607
1721,062593
1722,372557
1723,A01695
1724,342735
1725,152692
1726,552868
1727,A01779
1728,A11504
1729,142865
1730,462504
1731,052502
1732,14E095
1733,142670
1734,102512
1735,422520
1736,492525
1737,382518
1738,042537
1739,522550
1740,232555
1741,45E341
1742,14A539
1743,142690
1744,392743
1745,031736
1746,142709
1747,112822
1748,382556
1749,042535
1750,552695
1751,682541
1752,523500
1753,182621
1754,392826
1755,A01704
1756,A01555
1757,682605
1758,322549
1759,142814
1760,15002F
1761,182630
1762,232707
1763,112885
1764,262659
1765,332800
1766,362883
1767,A01673
1768,A01690
1769,502587
1770,502588
1771,502589
1772,502590
1773,502591
1774,502598
1775,501545
1776,031731
1777,A11636
1778,442765
1779,332532
1780,492521
1781,452801
1782,05A331
1783,682548
1784,052869
1785,452891
1786,192614
1787,362677
1788,372542
1789,362591
1790,24001F
1791,052606
1792,332644
1793,142618
1794,552609
1795,682519
1796,672618
1797,672590
1798,552629
1799,551664
1800,225423
1801,332415
1802,062303
1803,492668
1804,162515
1805,112844
1806,232712
1807,682599
1808,182584
1809,442728
1810,362886
1811,A01697
1812,142516
1813,192743
1814,252585
1815,682644
1816,452557
1817,672875
1818,672890
1819,A11570
1820,A11751
1821,A11644
1822,052618
1823,342633
1824,332610
1825,152596
1826,442532
1827,322522
1828,212622
1829,17E630
1830,132516
1831,152605
1832,042515
1833,172544
1834,172527
1835,232548
1836,232618
1837,252515
1838,152623
1839,672608
1840,342667
1841,672601
1842,242573
1843,182605
1844,552698
1845,11A186
1846,232678
1847,232688
1848,442711
1849,312597
1850,102791
1851,262657
1852,312625
1853,442735
1854,A01575
1855,312655
1856,25089E
1857,452541
1858,A11656
1859,742540
1860,382576
1861,382579
1862,212727
1863,742513
1864,462550
1865,A11619
1866,332801
1867,A11720
1868,492522
1869,252587
1870,422590
1871,232561
1872,442536
1873,392575
1874,012520
1875,012552
1876,052543
1877,112656
1878,332530
1879,332585
1880,332606
1881,332626
1882,332748
1883,332765
1884,332780
1885,232594
1886,192630
1887,333567
1888,14034F
1889,332354
1890,392321
1891,142751
1892,552716
1893,492664
1894,552719
1895,312609
1896,232714
1897,072548
1898,522600
1899,192606
1900,742535
1901,A11603
1902,291578
1903,A11725
1904,14E847
1905,23012F
1906,242531
1907,342631
1908,102645
1909,112545
1910,332664
1911,332617
1912,102529
1913,522323
1914,492507
1915,092519
1916,552545
1917,392733
1918,292525
1919,122512
1920,392551
1921,392649
1922,392835
1923,392846
1924,392850
1925,392851
1926,392866
1927,392870
1928,392872
1929,392878
1930,392882
1931,422573
1932,422652
1933,422676
1934,192640
1935,192512
1936,362862
1937,142612
1938,232509
1939,552604
1940,392512
1941,672734
1942,52004F
1943,552705
1944,17E038
1945,232622
1946,672858
1947,182631
1948,672861
1949,032645
1950,222587
1951,442730
1952,132528
1953,682558
1954,012674
1955,422679
1956,742549
1957,012705
1958,492737
1959,142824
1960,05A357
1961,742556
1962,A01513
1963,A11575
1964,372549
1965,112636
1966,102528
1967,38E173
1968,40003F
1969,142546
1970,492516
1971,242523
1972,152611
1973,222319
1974,062557
1975,142730
1976,382564
1977,362857
1978,432515
1979,252555
1980,05020F
1981,152664
1982,49001F
1983,252578
1984,372595
1985,552740
1986,362810
1987,362881
1988,522525
1989,242606
1990,A11709
1991,A11519
1992,A11573
1993,392732
1994,032556
1995,062544
1996,322510
1997,552552
1998,112759
1999,452745
2000,322505
2001,102739
2002,052836
2003,192691
2004,45E629
2005,332670
2006,012654
2007,112846
2008,142721
2009,A01693
2010,552883
2011,062586
2012,392802
2013,232709
2014,052400
2015,333569
2016,222581
2017,312665
2018,A11563
2019,A01672
2020,011306
2021,A01641
2022,422541
2023,442655
2024,012619
2025,452895
2026,232624
2027,392595
2028,672501
2029,052879
2030,44E446
2031,332690
2032,262612
2033,19047F
2034,552551
2035,342547
2036,342694
2037,342699
2038,342701
2039,342702
2040,342715
2041,342719
2042,342743
2043,342750
2044,17A020
2045,012659
2046,012664
2047,012682
2048,012706
2049,012708
2050,012710
2051,242534
2052,502557
2053,212659
2054,552632
2055,382555
2056,01014F
2057,349009
2058,042585
2059,452793
2060,512537
2061,112836
2062,142766
2063,672706
2064,212720
2065,05013F
2066,672822
2067,362836
2068,682609
2069,552822
2070,132530
2071,172560
2072,A01603
2073,552738
2074,131582
2075,A01684
2076,A11601
2077,552894
2078,142852
2079,852532
2080,682631
2081,A11722
2082,A11658
2083,142859
2084,A11607
2085,292521
2086,232596
2087,492575
2088,112639
2089,112746
2090,332541
2091,49E075
2092,142622
2093,132515
2094,462529
2095,422611
2096,45E631
2097,192689
2098,492503
2099,052673
2100,192587
2101,102763
2102,042532
2103,442726
2104,032622
2105,332777
2106,012621
2107,192714
2108,322539
2109,492662
2110,682510
2111,112835
2112,052638
2113,242605
2114,332736
2115,742534
2116,072551
2117,672866
2118,672698
2119,672865
2120,042512
2121,232697
2122,452777
2123,142506
2124,342745
2125,552891
2126,232734
2127,122532
2128,A11624
2129,142823
2130,552854
2131,552892
2132,182636
2133,682676
2134,A11543
2135,742559
2136,042599
2137,142856
2138,852556
2139,442740
2140,A11631
2141,672643
2142,672795
2143,192616
2144,192534
2145,212528
2146,342614
2147,A01767
2148,672561
2149,232599
2150,49002F
2151,192611
2152,102564
2153,362639
2154,322535
2155,042582
2156,332673
2157,192627
2158,182505
2159,112658
2160,342718
2161,362831
2162,682576
2163,192724
2164,192610
2165,112874
2166,242588
2167,672821
2168,522606
2169,672798
2170,672859
2171,442744
2172,142857
2173,A11635
2174,682646
2175,122533
2176,212583
2177,342721
2178,372614
2179,752504
2180,A11625
2181,18007F
2182,552533
2183,132514
2184,552560
2185,352500
2186,523534
2187,392545
2188,462500
2189,25A389
2190,032561
2191,032628
2192,192700
2193,452851
2194,242572
2195,672666
2196,312568
2197,212669
2198,492661
2199,492673
2200,682530
2201,232686
2202,232687
2203,212675
2204,052691
2205,262642
2206,522542
2207,012668
2208,672831
2209,232715
2210,392360
2211,422657
2212,A01624
2213,682551
2214,332708
2215,252574
2216,192558
2217,191690
2218,142848
2219,492682
2220,672851
2221,062595
2222,422682
2223,112766
2224,162509
2225,242553
2226,05A021
2227,192322
2228,202511
2229,362776
2230,232347
2231,212568
2232,212700
2233,242550
2234,342513
2235,102612
2236,102717
2237,022503
2238,262547
2239,032503
2240,192659
2241,232637
2242,231682
2243,362733
2244,042548
2245,212656
2246,312600
2247,142812
2248,332321
2249,442745
2250,672680
2251,333558
2252,372570
2253,522578
2254,232575
2255,501546
2256,A11528
2257,312634
2258,A01761
2259,012645
2260,672894
2261,742503
2262,342742
2263,221606
2264,332546
2265,182572
2266,232565
2267,532504
2268,392610
2269,34A002
2270,452842
2271,269807
2272,462521
2273,462518
2274,052885
2275,102538
2276,192566
2277,232566
2278,152602
2279,192641
2280,102582
2281,492650
2282,10057F
2283,552592
2284,392587
2285,392367
2286,682655
2287,362790
2288,322547
2289,672704
2290,324611
2291,522591
2292,152641
2293,452757
2294,A01792
2295,112893
2296,142795
2297,202518
2298,332762
2299,521603
2300,A01708
2301,332900
2302,682653
2303,552867
2304,082529
2305,A01785
2306,A11695
2307,A11740
2308,392717
2309,232586
2310,482500
2311,092524
2312,172523
2313,162569
2314,232570
2315,492562
2316,102521
2317,102632
2318,102715
2319,45F497
2320,332310
2321,552574
2322,102851
2323,04A293
2324,452692
2325,102553
2326,392338
2327,092525
2328,232658
2329,45074F
2330,422529
2331,312626
2332,362306
2333,682616
2334,152673
2335,392847
2336,372544
2337,342713
2338,262678
2339,142845
2340,672776
2341,502576
2342,672738
2343,042545
2344,14E701
2345,742554
2346,382584
2347,A11589
2348,672887
2349,552898
2350,852543
2351,682650
2352,262544
2353,031707
2354,332691
2355,252516
2356,292501
2357,242564
2358,243532
2359,102583
2360,112558
2361,422575
2362,33052E
2363,052884
2364,342658
2365,222305
2366,442653
2367,232554
2368,012618
2369,242585
2370,33A246
2371,102896
2372,192652
2373,433512
2374,172565
2375,362578
2376,392821
2377,212573
2378,A11638
2379,031698
2380,682668
2381,142830
2382,362870
2383,A01674
2384,A11544
2385,A01594
2386,031717
2387,372593
2388,A11538
2389,A11707
2390,262614
2391,052809
2392,502549
2393,232592
2394,492537
2395,342560
2396,052891
2397,552582
2398,342527
2399,08A006
2400,09E020
2401,102689
2402,052712
2403,332810
2404,312515
2405,102778
2406,682607
2407,112803
2408,012656
2409,382559
2410,072542
2411,182610
2412,162562
2413,142592
2414,502582
2415,372580
2416,672778
2417,232700
2418,362815
2419,212725
2420,A11704
2421,A01620
2422,231683
2423,A11670
2424,A11584
2425,A01760
2426,292522
2427,052892
2428,492556
2429,362622
2430,17E585
2431,27A052
2432,45F414
2433,452869
2434,392567
2435,39006F
2436,232711
2437,333533
2438,102662
2439,192504
2440,112705
2441,142617
2442,29E021
2443,26A469
2444,052854
2445,072535
2446,112791
2447,212677
2448,672730
2449,332345
2450,552685
2451,34A001
2452,192704
2453,442736
2454,172567
2455,462546
2456,442733
2457,262669
2458,312629
2459,682579
2460,672634
2461,042525
2462,682555
2463,372553
2464,142596
2465,852533
2466,682628
2467,A11513
2468,A01778
2469,A11691
2470,231686
2471,452742
2472,452637
2473,552529
2474,262596
2475,232588
2476,452829
2477,232507
2478,36007F
2479,422582
2480,052822
2481,372585
2482,26002F
2483,242592
2484,332742
2485,A01630
2486,672785
2487,232704
2488,332414
2489,05A277
2490,502599
2491,A11634
2492,742517
2493,381568
2494,012653
2495,442734
2496,442739
2497,552880
2498,742514
2499,142826
2500,A01571
2501,311587
2502,072314
2503,A11613
2504,311591
2505,142534
2506,102627
2507,212515
2508,392674
2509,362858
2510,342309
2511,522521
2512,092508
2513,192511
2514,032549
2515,032537
2516,522531
2517,232638
2518,332745
2519,452374
2520,291575
2521,502555
2522,422620
2523,332405
2524,552573
2525,032613
2526,262660
2527,362843
2528,182632
2529,672818
2530,372604
2531,422536
2532,682575
2533,112895
2534,332739
2535,682564
2536,222580
2537,242590
2538,682613
2539,682610
2540,232511
2541,322551
2542,682588
2543,502575
2544,362837
2545,192717
2546,412515
2547,042597
2548,453517
2549,852529
2550,312589
2551,442742
2552,212734
2553,291568
2554,682673
2555,312684
2556,392896
2557,A11713
2558,852573
2559,412502
2560,162518
2561,152594
2562,172529
2563,262580
2564,052751
2565,10021F
2566,26E256
2567,052782
2568,492674
2569,262570
2570,262605
2571,05A264
2572,462533
2573,032544
2574,392665
2575,172532
2576,142605
2577,422572
2578,422650
2579,422651
2580,422671
2581,422677
2582,422680
2583,312318
2584,682539
2585,452685
2586,082526
2587,082527
2588,082528
2589,682506
2590,262652
2591,382560
2592,362767
2593,672806
2594,422674
2595,742532
2596,852563
2597,A01677
2598,A11728
2599,232722
2600,44013F
2601,031727
2602,312553
2603,A11628
2604,05A183
2605,A01743
2606,291565
2607,A11692
2608,332607
2609,332582
2610,552519
2611,262552
2612,502310
2613,332653
2614,112609
2615,332309
2616,332534
2617,032552
2618,102547
2619,452648
2620,552591
2621,342670
2622,292538
2623,28A065
2624,292541
2625,462541
2626,522583
2627,162546
2628,163504
2629,362851
2630,A11654
2631,672812
2632,682590
2633,682578
2634,312646
2635,A01728
2636,042592
2637,A11682
2638,A11535
2639,A01669
2640,152697
2641,312636
2642,A11698
2643,A11582
2644,A11542
2645,332312
2646,452537
2647,372565
2648,372541
2649,092510
2650,102675
2651,552536
2652,052893
2653,33017F
2654,262320
2655,102610
2656,162537
2657,332517
2658,672681
2659,052864
2660,192681
2661,242507
2662,262590
2663,032632
2664,132518
2665,552597
2666,552750
2667,232661
2668,452821
2669,442714
2670,042591
2671,052861
2672,382567
2673,192671
2674,A01601
2675,102635
2676,492692
2677,16004F
2678,192739
2679,A11550
2680,052407
2681,851521
2682,852550
2683,971642
2684,262542
2685,312523
2686,052800
2687,172514
2688,012588
2689,24E102
2690,392586
2691,042567
2692,232607
2693,102642
2694,052583
2695,522312
2696,33011F
2697,192690
2698,53A051
2699,523527
2700,182532
2701,292506
2702,45E761
2703,242551
2704,172540
2705,292505
2706,382511
2707,552598
2708,672815
2709,112865
2710,262647
2711,243541
2712,232649
2713,422646
2714,142774
2715,192735
2716,031695
2717,02013F
2718,192572
2719,192719
2720,262683
2721,212689
2722,A01618
2723,362866
2724,A11507
2725,392574
2726,032578
2727,50A261
2728,672511
2729,052794
2730,37E082
2731,512300
2732,442595
2733,492554
2734,062525
2735,512511
2736,232525
2737,242544
2738,292531
2739,672600
2740,172548
2741,422641
2742,682526
2743,381572
2744,422644
2745,552746
2746,362853
2747,A01651
2748,522608
2749,442731
2750,042540
2751,042514
2752,682622
2753,A01710
2754,221607
2755,212735
2756,852553
2757,672893
2758,362894
2759,A11668
2760,A11602
2761,492727
2762,322507
2763,152511
2764,39002F
2765,052896
2766,052788
2767,512525
2768,222309
2769,452560
2770,102853
2771,362328
2772,44E175
2773,552706
2774,252575
2775,552680
2776,252543
2777,182623
2778,A01643
2779,A01586
2780,232671
2781,672774
2782,A01602
2783,042536
2784,032660
2785,A11606
2786,381571
2787,392727
2788,382549
2789,45F603
2790,112689
2791,142528
2792,442574
2793,162547
2794,33024F
2795,142567
2796,112753
2797,33013F
2798,552649
2799,402544
2800,032579
2801,362590
2802,042584
2803,192694
2804,672626
2805,392747
2806,172517
2807,172556
2808,452763
2809,442717
2810,052334
2811,422587
2812,104023
2813,A01681
2814,242591
2815,522598
2816,502571
2817,401576
2818,332591
2819,682643
2820,252582
2821,552816
2822,672797
2823,A01616
2824,552841
2825,392889
2826,392885
2827,242323
2828,672551
2829,672853
2830,A01706
2831,552857
2832,852566
2833,852571
2834,852572
2835,A11621
2836,A11511
2837,162570
2838,A11529
2839,012507
2840,311588
2841,112758
2842,49E084
2843,012551
2844,392735
2845,01021F
2846,172545
2847,102834
2848,032558
2849,452781
2850,172515
2851,522597
2852,052783
2853,372583
2854,382563
2855,552820
2856,112853
2857,142743
2858,012685
2859,142800
2860,552870
2861,392831
2862,142797
2863,142796
2864,392868
2865,422656
2866,682525
2867,A11735
2868,252593
2869,332793
2870,672897
2871,672552
2872,301534
2873,682692
2874,A01733
2875,742557
2876,852557
2877,492728
2878,512552
2879,291571
2880,232731
2881,243542
2882,672888
2883,031710
2884,A11746
2885,102336
2886,102824
2887,242522
2888,502526
2889,492605
2890,512520
2891,282509
2892,192669
2893,392515
2894,452830
2895,252513
2896,252581
2897,252584
2898,252586
2899,252592
2900,15003F
2901,302503
2902,37E024
2903,232657
2904,262625
2905,332663
2906,552745
2907,38A031
2908,322543
2909,362797
2910,442719
2911,253503
2912,262650
2913,362778
2914,272508
2915,502584
2916,36008F
2917,372536
2918,A01758
2919,A01700
2920,682604
2921,453516
2922,192722
2923,252550
2924,192680
2925,742541
2926,A01719
2927,A01663
2928,342733
2929,291577
2930,A01794
2931,A11604
2932,362682
2933,422609
2934,342570
2935,492528
2936,492598
2937,102720
2938,052706
2939,292524
2940,342611
2941,19048F
2942,052654
2943,342651
2944,362571
2945,052513
2946,332660
2947,232642
2948,362339
2949,A11615
2950,522544
2951,112875
2952,112761
2953,222516
2954,512530
2955,442618
2956,672705
2957,012639
2958,152535
2959,112834
2960,672529
2961,492665
2962,232691
2963,43A067
2964,672719
2965,672713
2966,062571
2967,492670
2968,342714
2969,672869
2970,A01631
2971,43A138
2972,012686
2973,332755
2974,A01656
2975,202516
2976,232727
2977,232735
2978,852539
2979,852530
2980,A11539
2981,A11551
2982,332806
2983,A11620
2984,052599
2985,14E322
2986,05039F
2987,052613
2988,333535
2989,052790
2990,25A374
2991,452804
2992,552501
2993,182550
2994,112612
2995,112752
2996,852509
2997,852535
2998,852561
2999,042550
3000,222306
3001,222572
3002,682636
3003,552612
3004,102894
3005,492658
3006,422563
3007,362716
3008,642300
3009,042517
3010,193301
3011,363308
3012,423300
3013,442689
3014,552818
3015,392853
3016,152565
3017,152675
3018,142815
3019,A01623
3020,742537
3021,502578
3022,A01645
3023,A11650
3024,552874
3025,A11687
3026,A11639
3027,A11597
3028,A01683
3029,312510
3030,243533
3031,102812
3032,362556
3033,163514
3034,372569
3035,05A290
3036,152610
3037,352304
3038,192631
3039,182558
3040,102722
3041,192643
3042,382535
3043,432508
3044,392736
3045,232519
3046,252552
3047,442691
3048,322534
3049,52002F
3050,34013F
3051,512536
3052,342680
3053,372540
3054,392820
3055,232674
3056,232676
3057,112843
3058,312331
3059,102330
3060,A01766
3061,682597
3062,682584
3063,332787
3064,322558
3065,312674
3066,192753
3067,742519
3068,682698
3069,682697
3070,A11505
3071,212745
3072,A11526
3073,A01600
3074,362660
3075,332516
3076,033504
3077,243521
3078,14E345
3079,362685
3080,452605
3081,522507
3082,494002
3083,102563
3084,102504
3085,102630
3086,362654
3087,232614
3088,26A484
3089,552546
3090,132500
3091,062522
3092,422545
3093,102595
3094,042556
3095,452666
3096,362521
3097,112811
3098,522568
3099,422628
3100,112828
3101,552675
3102,552757
3103,112712
3104,232619
3105,062573
3106,14008F
3107,682544
3108,042560
3109,442741
3110,102531
3111,182643
3112,362762
3113,442750
3114,442763
3115,332763
3116,031729
3117,672895
3118,682625
3119,052514
3120,052526
3121,052531
3122,052572
3123,052600
3124,052609
3125,052629
3126,052630
3127,052647
3128,052793
3129,052819
3130,052874
3131,052887
3132,552559
3133,552635
3134,552670
3135,552704
3136,552725
3137,552730
3138,552733
3139,552739
3140,552752
3141,552754
3142,552803
3143,552827
3144,552863
3145,552866
3146,552888
3147,A11652
3148,682688
3149,232666
3150,232729
3151,232730
3152,232732
3153,232733
3154,A11732
3155,A11674
3156,A01790
3157,A11752
3158,192510
3159,102826
3160,442562
3161,182577
3162,192548
3163,162529
3164,05A364
3165,172528
3166,052710
3167,372597
3168,232643
3169,112514
3170,082502
3171,052521
3172,282515
3173,012556
3174,452556
3175,452638
3176,552631
3177,422531
3178,442683
3179,312593
3180,112667
3181,212681
3182,012666
3183,192713
3184,042531
3185,112871
3186,452864
3187,672845
3188,362848
3189,A01636
3190,A11556
3191,532506
3192,262674
3193,082523
3194,392822
3195,452841
3196,672876
3197,742553
3198,422672
3199,A11697
3200,A11651
3201,102733
3202,012681
3203,012687
3204,492534
3205,342535
3206,332378
3207,29001F
3208,332543
3209,342599
3210,072552
3211,102706
3212,17E591
3213,332733
3214,162535
3215,392579
3216,522580
3217,422618
3218,552599
3219,032617
3220,062568
3221,372512
3222,222505
3223,162552
3224,452668
3225,672854
3226,062534
3227,672846
3228,132532
3229,362876
3230,A01798
3231,A01682
3232,742529
3233,422678
3234,742520
3235,232738
3236,672899
3237,682690
3238,332805
3239,372552
3240,A11703
3241,222597
3242,A11729
3243,A11500
3244,502532
3245,052835
3246,051990
3247,392676
3248,492625
3249,102712
3250,05A110
3251,012616
3252,45F410
3253,552585
3254,172512
3255,362637
3256,262635
3257,522575
3258,452765
3259,392806
3260,062576
3261,672711
3262,332693
3263,682523
3264,032615
3265,042571
3266,741566
3267,A01572
3268,262689
3269,142820
3270,A01737
3271,362887
3272,012547
3273,A11684
3274,072557
3275,222598
3276,392890
3277,232559
3278,232556
3279,192556
3280,012505
3281,522301
3282,163513
3283,192676
3284,232590
3285,362721
3286,492592
3287,192562
3288,14007F
3289,102876
3290,112783
3291,232668
3292,312620
3293,10064F
3294,672736
3295,142737
3296,232695
3297,112882
3298,012692
3299,112891
3300,112897
3301,342724
3302,252591
3303,312701
3304,252590
3305,152701
3306,442760
3307,A01731
3308,052689
3309,552611
3310,152699
3311,492721
3312,A11671
3313,A11730
3314,031704
3315,682681
3316,241606
3317,102921
3318,291573
3319,262592
3320,112569
3321,112632
3322,112804
3323,112809
3324,112827
3325,112837
3326,112894
3327,292508
3328,362655
3329,492564
3330,242528
3331,362641
3332,112858
3333,552593
3334,082300
3335,052838
3336,502530
3337,25A402
3338,322513
3339,292518
3340,182565
3341,242549
3342,232662
3343,36003F
3344,062554
3345,43A103
3346,522581
3347,052671
3348,552709
3349,142816
3350,053525
3351,362500
3352,362505
3353,362564
3354,362567
3355,362758
3356,362773
3357,672741
3358,852520
3359,162564
3360,152671
3361,142806
3362,382572
3363,332717
3364,492687
3365,062585
3366,182637
3367,221603
3368,A01633
3369,682624
3370,672880
3371,142794
3372,552889
3373,742525
3374,A01749
3375,A11623
3376,452563
3377,A11531
3378,342751
3379,A01781
3380,A01721
3381,342568
3382,371690
3383,162524
3384,102708
3385,052872
3386,422505
3387,52003F
3388,50A263
3389,01022F
3390,452544
3391,232513
3392,292542
3393,08A020
3394,232663
3395,392632
3396,422550
3397,212310
3398,102883
3399,072530
3400,332658
3401,322540
3402,012671
3403,232684
3404,262618
3405,03012F
3406,452622
3407,A01742
3408,182625
3409,452732
3410,452788
3411,452789
3412,452790
3413,452797
3414,452853
3415,452881
3416,672735
3417,152669
3418,A01585
3419,272513
3420,192740
3421,552844
3422,031700
3423,192754
3424,552895
3425,362724
3426,362856
3427,152695
3428,682694
3429,552879
3430,452887
3431,102527
3432,102742
3433,102648
3434,332646
3435,492634
3436,232350
3437,052817
3438,042510
3439,051993
3440,342642
3441,242532
3442,442527
3443,192564
3444,192574
3445,502561
3446,16003F
3447,062560
3448,552640
3449,292529
3450,502546
3451,312598
3452,032625
3453,332692
3454,442700
3455,552674
3456,672749
3457,362784
3458,362699
3459,142785
3460,252579
3461,23T077
3462,262682
3463,682608
3464,082599
3465,112572
3466,A11508
3467,A01654
3468,231669
3469,032659
3470,A11562
3471,232736
3472,672714
3473,A11690
3474,A01587
3475,222596
3476,A11711
3477,682670
3478,362530
3479,342627
3480,342543
3481,332568
3482,242561
3483,232552
3484,032580
3485,442608
3486,442609
3487,442677
3488,15A011
3489,10018F
3490,452883
3491,03013F
3492,102565
3493,452602
3494,16E170
3495,102659
3496,392816
3497,462524
3498,032626
3499,502570
3500,182619
3501,A01584
3502,042508
3503,162555
3504,042539
3505,142607
3506,402539
3507,672779
3508,332712
3509,392656
3510,322554
3511,672836
3512,442712
3513,112534
3514,372610
3515,A11581
3516,012660
3517,A01741
3518,A01796
3519,A11679
3520,A11680
3521,031703
3522,852564
3523,A11748
3524,031701
3525,A11642
3526,052699
3527,232630
3528,232560
3529,052555
3530,242526
3531,452570
3532,062531
3533,102746
3534,142630
3535,232623
3536,17E589
3537,453511
3538,25A197
3539,342648
3540,212676
3541,382562
3542,142744
3543,682515
3544,052644
3545,682615
3546,672562
3547,332655
3548,332775
3549,342731
3550,012648
3551,422670
3552,A11515
3553,102754
3554,742545
3555,381573
3556,031721
3557,A11749
3558,031720
3559,102802
3560,312561
3561,372531
3562,502541
3563,512518
3564,182578
3565,192604
3566,262521
3567,362585
3568,362618
3569,442503
3570,332668
3571,112674
3572,672567
3573,45066F
3574,25A416
3575,062556
3576,232667
3577,39A438
3578,152654
3579,242583
3580,112850
3581,522537
3582,422584
3583,492679
3584,05022F
3585,232705
3586,222593
3587,182639
3588,A01652
3589,382586
3590,742506
3591,A11521
3592,682665
3593,522339
3594,A11716
3595,A11724
3596,392899
3597,A11567
3598,A11685
3599,A01724
3600,052726
3601,012521
3602,472300
3603,372555
3604,142553
3605,102692
3606,292520
3607,382545
3608,062519
3609,102678
3610,192538
3611,452752
3612,032568
3613,172506
3614,362632
3615,052813
3616,342622
3617,422608
3618,022506
3619,552657
3620,05114F
3621,232680
3622,042507
3623,372598
3624,492725
3625,012702
3626,032649
3627,552847
3628,112519
3629,112792
3630,112888
3631,112896
3632,852507
3633,852511
3634,852522
3635,522615
3636,A11742
3637,A11683
3638,A11641
3639,062507
3640,032521
3641,152584
3642,102845
3643,462519
3644,314025
3645,232564
3646,392815
3647,492502
3648,112790
3649,552722
3650,22003F
3651,192539
3652,392849
3653,852517
3654,342707
3655,062587
3656,682573
3657,112868
3658,362576
3659,852544
3660,142834
3661,682656
3662,A01730
3663,10099F
3664,082532
3665,342738
3666,A01668
3667,A11627
3668,A11630
3669,752506
3670,672591
3671,422577
3672,49E050
3673,51004F
3674,332570
3675,282524
3676,332718
3677,342577
3678,182504
3679,102670
3680,102666
3681,361991
3682,192637
3683,182555
3684,032508
3685,522539
3686,492631
3687,362600
3688,232660
3689,462542
3690,062555
3691,522512
3692,522540
3693,522618
3694,682535
3695,342685
3696,272507
3697,442720
3698,422653
3699,493515
3700,262662
3701,292552
3702,672807
3703,252514
3704,252580
3705,182628
3706,552853
3707,742501
3708,332760
3709,682638
3710,012696
3711,232717
3712,742560
3713,A01687
3714,312529
3715,752507
3716,A11723
3717,A01729
3718,031706
3719,A01678
3720,291580
3721,222500
3722,102830
3723,032565
3724,452784
3725,342639
3726,012526
3727,452540
3728,232530
3729,552829
3730,232611
3731,102594
3732,062558
3733,16A002
3734,142750
3735,552778
3736,672769
3737,182624
3738,172569
3739,28E299
3740,682633
3741,682596
3742,232718
3743,36004F
3744,A11533
3745,192725
3746,492677
3747,222584
3748,322545
3749,493517
3750,332738
3751,852503
3752,112754
3753,492691
3754,231671
3755,342650
3756,682654
3757,112680
3758,742562
3759,A01771
3760,682672
3761,A11736
3762,142635
3763,372567
3764,16E637
3765,052505
3766,163507
3767,052515
3768,052522
3769,012615
3770,102584
3771,212560
3772,682528
3773,172546
3774,A11585
3775,50030F
3776,22001F
3777,112755
3778,312624
3779,142738
3780,492663
3781,162554
3782,46A070
3783,142745
3784,012640
3785,A01580
3786,302516
3787,302518
3788,192692
3789,212687
3790,052558
3791,A01573
3792,062517
3793,262671
3794,232723
3795,A01635
3796,241612
3797,392713
3798,742551
3799,A01655
3800,A11547
3801,A11536
3802,A11598
3803,A11702
3804,422553
3805,232534
3806,05A269
3807,552544
3808,422597
3809,102765
3810,312527
3811,102704
3812,28A060
3813,442619
3814,032550
3815,492596
3816,362723
3817,232645
3818,362705
3819,362745
3820,33A081
3821,262628
3822,502502
3823,502565
3824,312627
3825,312618
3826,112862
3827,042581
3828,452856
3829,05A109
3830,422658
3831,202515
3832,312663
3833,362838
3834,212729
3835,012707
3836,241611
3837,552886
3838,242701
3839,A11587
3840,A01747
3841,672594
3842,342618
3843,502583
3844,442666
3845,292504
3846,052746
3847,012548
3848,332572
3849,232514
3850,522611
3851,522612
3852,382515
3853,012546
3854,042527
3855,242601
3856,102721
3857,05A355
3858,502516
3859,012623
3860,422654
3861,33015F
3862,232553
3863,192712
3864,342700
3865,152661
3866,A01795
3867,162563
3868,552852
3869,162553
3870,042595
3871,362877
3872,522609
3873,522614
3874,422607
3875,142855
3876,A11622
3877,552896
3878,521605
3879,A11664
3880,682689
3881,A01797
3882,362893
3883,A11594
3884,852567
3885,372559
3886,142568
3887,301535
3888,492628
3889,392823
3890,452678
3891,192615
3892,212522
3893,672585
3894,242546
3895,372574
3896,112760
3897,243531
3898,102726
3899,212543
3900,052870
3901,192582
3902,262507
3903,362569
3904,362570
3905,222568
3906,502508
3907,142741
3908,422635
3909,102714
3910,142759
3911,682581
3912,A01709
3913,142792
3914,062535
3915,382582
3916,A11617
3917,291572
3918,291564
3919,452661
3920,252594
3921,A11688
3922,422566
3923,37E568
3924,552547
3925,552751
3926,262509
3927,172505
3928,142551
3929,28E301
3930,45E409
3931,25A174
3932,442694
3933,342677
3934,221596
3935,522594
3936,A01606
3937,112890
3938,382522
3939,382568
3940,192592
3941,382578
3942,332551
3943,252589
3944,682683
3945,A11512
3946,A11586
3947,672544
3948,102844
3949,31001F
3950,522501
3951,092520
3952,102505
3953,552539
3954,552587
3955,552621
3956,552887
3957,032541
3958,112531
3959,162525
3960,262603
3961,072517
3962,362708
3963,342620
3964,552528
3965,312606
3966,212666
3967,452592
3968,212683
3969,552768
3970,322544
3971,332766
3972,682611
3973,672872
3974,A01775
3975,682677
3976,A01754
3977,A11577
3978,A11672
3979,102651
3980,212313
3981,062510
3982,212637
3983,492536
3984,532501
3985,106110
3986,142667
3987,392516
3988,292536
3989,552673
3990,092522
3991,522564
3992,492666
3993,312623
3994,232528
3995,742512
3996,422647
3997,012688
3998,672828
3999,262677
4000,682661
4001,852548
4002,291567
4003,231678
4004,452768
4005,A11727
4006,142861
4007,A11609
4008,A11708
4009,A11522
4010,A11718
4011,342748
4012,231676
4013,422612
4014,392721
4015,342654
4016,552558
4017,452737
4018,232520
4019,082512
4020,452862
4021,232523
4022,512529
4023,16A001
4024,49010F
4025,512532
4026,512542
4027,102867
4028,452837
4029,523529
4030,260936
4031,102800
4032,492686
4033,332731
4034,112887
4035,332740
4036,142803
4037,A01659
4038,742558
4039,A01734
4040,291570
4041,182641
4042,442757
4043,682629
4044,442910
4045,A11721
4046,342755
4047,A11571
4048,A11564
4049,312692
4050,152530
4051,452880
4052,262616
4053,212634
4054,232584
4055,422519
4056,012540
4057,362619
4058,502536
4059,112826
4060,102880
4061,212688
4062,552652
4063,552859
4064,362806
4065,162557
4066,112599
4067,442727
4068,552767
4069,372601
4070,A11518
4071,333555
4072,29002F
4073,242596
4074,062589
4075,552837
4076,522617
4077,852531
4078,682645
4079,A01755
4080,682682
4081,A11595
4082,362895
4083,152703
4084,142614
4085,232610
4086,492573
4087,15E667
4088,342551
4089,102801
4090,392642
4091,492578
4092,362508
4093,452748
4094,142603
4095,262597
4096,142663
4097,333520
4098,042553
4099,112797
4100,052534
4101,142762
4102,162561
4103,552703
4104,672718
4105,452389
4106,012651
4107,192711
4108,212722
4109,A11565
4110,192644
4111,852506
4112,522616
4113,742531
4114,A11669
4115,34011F
4116,852562
4117,382581
4118,272515
4119,A11520
4120,422683
4121,522555
4122,332329
4123,165788
4124,A11662
4125,192578
4126,192515
4127,362684
4128,032525
4129,362631
4130,26A293
4131,112748
4132,242560
4133,102501
4134,032587
4135,452754
4136,112649
4137,042569
4138,382537
4139,112671
4140,672699
4141,112816
4142,442696
4143,552619
4144,312603
4145,012628
4146,362713
